,accuracy,precision,recall,f1,roc_auc,cv_f1,train_time_s,model_efficiency
Logistic Regression,0.50925,0.6846069736362532,0.5173996878156276,0.5893734964961824,0.511319527568675,0.5950853333447718,0.08,7.7979
Random Forest,0.590125,0.6842731989453091,0.7386833164998623,0.7104380077711057,0.5101549241861187,0.7067048844838332,1.73,0.4117
Gradient Boosting,0.680625,0.6810069509674995,0.9985308970709761,0.8097542814594192,0.506907024874448,0.8095354960638499,11.07,0.0731
